{"assets/images/armadilha.png":["assets/images/armadilha.png"],"assets/images/bau-de-tesouro.png":["assets/images/bau-de-tesouro.png"],"assets/images/dados-d20.png":["assets/images/dados-d20.png"],"assets/images/dragao.png":["assets/images/dragao.png"],"assets/images/esboco-da-ferramenta-de-reparo-de-martelo.png":["assets/images/esboco-da-ferramenta-de-reparo-de-martelo.png"],"assets/images/escudo-redondo.png":["assets/images/escudo-redondo.png"],"assets/images/espadas.png":["assets/images/espadas.png"],"assets/images/mochila.png":["assets/images/mochila.png"],"packages/cupertino_icons/assets/CupertinoIcons.ttf":["packages/cupertino_icons/assets/CupertinoIcons.ttf"]}